<?xml version="1.0" encoding="UTF-8" standalone="yes"?>
<addon id="repository.quicktest" name="Tonys Repo" version="0.0.1" provider-name="Tony">
	<extension point="xbmc.addon.repository" name="Tonys Repo">
		<dir>
			<info compressed="false">https://raw.githubusercontent.com/noobsandnerds/modules4all/master/zips/addons.xml</info>
			<checksum>https://raw.githubusercontent.com/noobsandnerds/modules4all/master/zips/addons.xml.md5</checksum>
			<datadir zip="true">https://raw.githubusercontent.com/noobsandnerds/modules4all/master/zips/</datadir>
		</dir>
		<info compressed="false">https://raw.githubusercontent.com/tony5856/repository.quicktest/master/zips/addons.xml</info>
		<checksum>https://raw.githubusercontent.com/tony5856/repository.quicktest/master/zips/addons.xml.md5</checksum>
		<datadir zip="true">https://raw.githubusercontent.com/tony5856/repository.quicktest/master/zips/</datadir>
	</extension>
	<extension point="xbmc.addon.metadata">
		<summary lang="en">Quick test repository</summary>
		<description lang="en">First repository</description>
		<genre></genre>
	</extension>
</addon>